velocity,3934.78,3969.59
-50.0,3.754493,2.351224
-49.9,3.750332,2.350272
-49.8,3.746171,2.348855
-49.7,3.742011,2.346718
-49.6,3.73785,2.344582
-49.5,3.733852,2.342446
-49.4,3.730615,2.34031
-49.3,3.727377,2.338174
-49.2,3.72414,2.336037
-49.1,3.720902,2.333901
-49.0,3.717664,2.33137
-48.9,3.714427,2.32876
-48.8,3.711189,2.32615
-48.7,3.707697,2.32354
-48.6,3.703998,2.32093
-48.5,3.700299,2.31832
-48.4,3.6966,2.315709
-48.3,3.692901,2.31297
-48.2,3.689201,2.309886
-48.1,3.685502,2.306803
-48.0,3.681803,2.303719
-47.9,3.677678,2.300635
-47.8,3.673517,2.297552
-47.7,3.669357,2.294468
-47.6,3.665196,2.291385
-47.5,3.661036,2.287794
-47.4,3.656875,2.283999
-47.3,3.652715,2.280205
-47.2,3.648691,2.27641
-47.1,3.644992,2.272616
-47.0,3.641294,2.268822
-46.9,3.637595,2.265027
-46.8,3.633896,2.261196
-46.7,3.630197,2.257165
-46.6,3.626498,2.253134
-46.5,3.622799,2.249103
-46.4,3.619038,2.245072
-46.3,3.615247,2.241041
-46.2,3.611456,2.23701
-46.1,3.607664,2.232979
-46.0,3.603873,2.229229
-45.9,3.600082,2.225672
-45.8,3.596291,2.222115
-45.7,3.592521,2.218557
-45.6,3.588822,2.215
-45.5,3.585123,2.211443
-45.4,3.581425,2.207885
-45.3,3.577726,2.204369
-45.2,3.574028,2.201996
-45.1,3.570329,2.199623
-45.0,3.56663,2.197251
-44.9,3.562932,2.194878
-44.8,3.559233,2.192505
-44.7,3.555535,2.190133
-44.6,3.551836,2.18776
-44.5,3.548137,2.185725
-44.4,3.544439,2.184063
-44.3,3.54074,2.1824
-44.2,3.537042,2.180738
-44.1,3.533343,2.179076
-44.0,3.529645,2.177414
-43.9,3.525946,2.175752
-43.8,3.522248,2.17409
-43.7,3.518549,2.172211
-43.6,3.51485,2.170313
-43.5,3.511152,2.168414
-43.4,3.507292,2.166515
-43.3,3.503132,2.164616
-43.2,3.498973,2.162717
-43.1,3.494813,2.160818
-43.0,3.490653,2.158835
-42.9,3.486493,2.1567
-42.8,3.482333,2.154564
-42.7,3.478173,2.152428
-42.6,3.474014,2.150292
-42.5,3.469854,2.148157
-42.4,3.465694,2.146021
-42.3,3.461535,2.143885
-42.2,3.457375,2.14175
-42.1,3.453215,2.139614
-42.0,3.449056,2.137478
-41.9,3.444985,2.135343
-41.8,3.441748,2.133207
-41.7,3.438511,2.131072
-41.6,3.435275,2.128936
-41.5,3.432038,2.126689
-41.4,3.428801,2.12408
-41.3,3.425564,2.12147
-41.2,3.422328,2.118861
-41.1,3.418658,2.116251
-41.0,3.414498,2.113642
-40.9,3.410339,2.111033
-40.8,3.406179,2.108423
-40.7,3.40202,2.10577
-40.6,3.397861,2.103096
-40.5,3.393701,2.100421
-40.4,3.389542,2.097747
-40.3,3.386549,2.095073
-40.2,3.383773,2.092398
-40.1,3.380998,2.089724
-40.0,3.378223,2.08714
-39.9,3.375448,2.084768
-39.8,3.372673,2.082396
-39.7,3.369897,2.080023
-39.6,3.367023,2.077651
-39.5,3.363786,2.075278
-39.4,3.36055,2.072906
-39.3,3.357314,2.070534
-39.2,3.354077,2.068161
-39.1,3.350841,2.065789
-39.0,3.347604,2.063417
-38.9,3.344368,2.061045
-38.8,3.341947,2.058673
-38.7,3.340095,2.0563
-38.6,3.338243,2.053928
-38.5,3.336391,2.051556
-38.4,3.334539,2.049184
-38.3,3.332687,2.046811
-38.2,3.330835,2.044439
-38.1,3.328983,2.042067
-38.0,3.326243,2.039695
-37.9,3.323468,2.037323
-37.8,3.320693,2.03495
-37.7,3.317918,2.032578
-37.6,3.315143,2.030206
-37.5,3.312369,2.027834
-37.4,3.309594,2.025462
-37.3,3.306819,2.023089
-37.2,3.304044,2.020717
-37.1,3.301269,2.018345
-37.0,3.298495,2.015958
-36.9,3.29572,2.01335
-36.8,3.292945,2.010741
-36.7,3.29017,2.008132
-36.6,3.287395,2.005523
-36.5,3.284293,2.002914
-36.4,3.281057,2.000306
-36.3,3.277821,1.997697
-36.2,3.274585,1.995207
-36.1,3.271349,1.992835
-36.0,3.268113,1.990463
-35.9,3.264876,1.988091
-35.8,3.261678,1.985719
-35.7,3.258904,1.983347
-35.6,3.256129,1.980975
-35.5,3.253355,1.978603
-35.4,3.25058,1.975785
-35.3,3.247806,1.97294
-35.2,3.245031,1.970094
-35.1,3.242257,1.967248
-35.0,3.239272,1.964403
-34.9,3.236036,1.961557
-34.8,3.2328,1.958711
-34.7,3.229564,1.955866
-34.6,3.226328,1.95302
-34.5,3.223093,1.950175
-34.4,3.219857,1.947329
-34.3,3.216621,1.944483
-34.2,3.21262,1.941638
-34.1,3.208462,1.938792
-34.0,3.204303,1.935947
-33.9,3.200145,1.933101
-33.8,3.195986,1.930256
-33.7,3.191828,1.92741
-33.6,3.18767,1.924565
-33.5,3.183698,1.92172
-33.4,3.180462,1.918874
-33.3,3.177227,1.916029
-33.2,3.173991,1.913245
-33.1,3.170755,1.910637
-33.0,3.167519,1.908028
-32.9,3.164284,1.90542
-32.8,3.161048,1.902811
-32.7,3.158078,1.900203
-32.6,3.155304,1.897595
-32.5,3.152529,1.894986
-32.4,3.149755,1.892378
-32.3,3.14698,1.889769
-32.2,3.144206,1.88716
-32.1,3.141432,1.884552
-32.0,3.138657,1.881943
-31.9,3.135008,1.879335
-31.8,3.131311,1.876726
-31.7,3.127614,1.874185
-31.6,3.123917,1.872051
-31.5,3.12022,1.869916
-31.4,3.116523,1.867781
-31.3,3.112826,1.865646
-31.2,3.109278,1.863512
-31.1,3.106043,1.861377
-31.0,3.102808,1.859242
-30.9,3.099573,1.85697
-30.8,3.096338,1.854598
-30.7,3.093103,1.852226
-30.6,3.089868,1.849855
-30.5,3.086633,1.847483
-30.4,3.083397,1.845112
-30.3,3.080162,1.84274
-30.2,3.076926,1.840358
-30.1,3.073691,1.837513
-30.0,3.070455,1.834668
-29.9,3.06722,1.831823
-29.8,3.063985,1.828978
-29.7,3.060876,1.826133
-29.6,3.059487,1.823288
-29.5,3.058097,1.820443
-29.4,3.056707,1.817817
-29.3,3.055317,1.815446
-29.2,3.053927,1.813074
-29.1,3.052538,1.810703
-29.0,3.051148,1.808331
-28.9,3.049758,1.80596
-28.8,3.048368,1.803589
-28.7,3.046978,1.801217
-28.6,3.045588,1.79906
-28.5,3.044198,1.796925
-28.4,3.042808,1.794791
-28.3,3.041418,1.792656
-28.2,3.040028,1.790522
-28.1,3.038262,1.788387
-28.0,3.036411,1.786253
-27.9,3.03456,1.783955
-27.8,3.032708,1.781347
-27.7,3.030857,1.778739
-27.6,3.029006,1.776131
-27.5,3.027155,1.773523
-27.4,3.025384,1.770915
-27.3,3.02396,1.768307
-27.2,3.022535,1.765699
-27.1,3.021111,1.763463
-27.0,3.019686,1.761328
-26.9,3.018262,1.759194
-26.8,3.016837,1.75706
-26.7,3.015413,1.754925
-26.6,3.01436,1.752791
-26.5,3.013431,1.750657
-26.4,3.012502,1.748575
-26.3,3.011574,1.746678
-26.2,3.010645,1.74478
-26.1,3.009717,1.742882
-26.0,3.008788,1.740985
-25.9,3.007916,1.739087
-25.8,3.007449,1.73719
-25.7,3.006981,1.735292
-25.6,3.006514,1.733552
-25.5,3.006047,1.731891
-25.4,3.00558,1.73023
-25.3,3.005112,1.72857
-25.2,3.004645,1.726909
-25.1,3.005091,1.725249
-25.0,3.006469,1.723588
-24.9,3.007847,1.721952
-24.8,3.009225,1.720528
-24.7,3.010603,1.719104
-24.6,3.011981,1.71768
-24.5,3.013359,1.716257
-24.4,3.014737,1.714833
-24.3,3.016916,1.713409
-24.2,3.019217,1.711985
-24.1,3.021517,1.710561
-24.0,3.023818,1.709137
-23.9,3.026118,1.707713
-23.8,3.028418,1.70629
-23.7,3.030719,1.704866
-23.6,3.033242,1.703442
-23.5,3.036465,1.702018
-23.4,3.039688,1.700594
-23.3,3.042911,1.699637
-23.2,3.046134,1.698687
-23.1,3.049356,1.697737
-23.0,3.052579,1.696786
-22.9,3.055802,1.695836
-22.8,3.059025,1.694886
-22.7,3.062248,1.693936
-22.6,3.065471,1.693086
-22.5,3.068693,1.692373
-22.4,3.071916,1.691659
-22.3,3.075139,1.690946
-22.2,3.078362,1.690233
-22.1,3.081585,1.689519
-22.0,3.085263,1.688806
-21.9,3.088947,1.688093
-21.8,3.092631,1.687784
-21.7,3.096315,1.687538
-21.6,3.099998,1.687292
-21.5,3.103682,1.687046
-21.4,3.107366,1.686801
-21.3,3.111217,1.686555
-21.2,3.115362,1.686309
-21.1,3.119507,1.686066
-21.0,3.123652,1.685827
-20.9,3.127797,1.685587
-20.8,3.131942,1.685347
-20.7,3.136087,1.685107
-20.6,3.140232,1.684867
-20.5,3.144377,1.684628
-20.4,3.148522,1.684388
-20.3,3.152667,1.684368
-20.2,3.156812,1.684365
-20.1,3.160957,1.684362
-20.0,3.165102,1.684359
-19.9,3.169247,1.684356
-19.8,3.173442,1.684353
-19.7,3.178048,1.68435
-19.6,3.182654,1.684523
-19.5,3.18726,1.684993
-19.4,3.191866,1.685464
-19.3,3.196472,1.685934
-19.2,3.201078,1.686404
-19.1,3.205684,1.686875
-19.0,3.209846,1.687345
-18.9,3.21353,1.687816
-18.8,3.217213,1.688286
-18.7,3.220897,1.688757
-18.6,3.22458,1.689227
-18.5,3.228264,1.689698
-18.4,3.231947,1.690168
-18.3,3.235631,1.690639
-18.2,3.238526,1.691109
-18.1,3.241287,1.69158
-18.0,3.244048,1.69205
-17.9,3.246809,1.692521
-17.8,3.249571,1.692991
-17.7,3.252332,1.693462
-17.6,3.255093,1.693932
-17.5,3.257643,1.694403
-17.4,3.259482,1.694873
-17.3,3.26132,1.69518
-17.2,3.263158,1.695414
-17.1,3.264997,1.695648
-17.0,3.266835,1.695882
-16.9,3.268674,1.696115
-16.8,3.270512,1.696349
-16.7,3.271796,1.696583
-16.6,3.272712,1.696847
-16.5,3.273628,1.697318
-16.4,3.274544,1.697788
-16.3,3.27546,1.698259
-16.2,3.276376,1.69873
-16.1,3.277292,1.6992
-16.0,3.278208,1.699671
-15.9,3.278225,1.700141
-15.8,3.278219,1.700476
-15.7,3.278212,1.70071
-15.6,3.278206,1.700944
-15.5,3.278199,1.701177
-15.4,3.278193,1.701411
-15.3,3.278186,1.701645
-15.2,3.277859,1.701878
-15.1,3.27693,1.702104
-15.0,3.276001,1.701627
-14.9,3.275073,1.701151
-14.8,3.274144,1.700674
-14.7,3.273215,1.700198
-14.6,3.272286,1.699721
-14.5,3.271357,1.699245
-14.4,3.268766,1.698768
-14.3,3.265531,1.697971
-14.2,3.262297,1.696784
-14.1,3.259062,1.695597
-14.0,3.255828,1.694411
-13.9,3.252593,1.693224
-13.8,3.249359,1.692037
-13.7,3.245906,1.69085
-13.6,3.240366,1.689664
-13.5,3.234825,1.687421
-13.4,3.229285,1.685051
-13.3,3.223744,1.68268
-13.2,3.218204,1.680309
-13.1,3.212663,1.677939
-13.0,3.207123,1.675568
-12.9,3.200288,1.673198
-12.8,3.191981,1.670513
-12.7,3.183674,1.667195
-12.6,3.175367,1.663878
-12.5,3.167059,1.660561
-12.4,3.158752,1.657243
-12.3,3.150445,1.653926
-12.2,3.142138,1.650608
-12.1,3.133055,1.647291
-12.0,3.123826,1.64306
-11.9,3.114596,1.638559
-11.8,3.105367,1.634058
-11.7,3.096138,1.629557
-11.6,3.086908,1.625056
-11.5,3.077679,1.620555
-11.4,3.068054,1.616054
-11.3,3.056981,1.611251
-11.2,3.045907,1.60533
-11.1,3.034833,1.599409
-11.0,3.02376,1.593487
-10.9,3.012686,1.587566
-10.8,3.001613,1.581645
-10.7,2.990539,1.575724
-10.6,2.978923,1.569803
-10.5,2.966928,1.563727
-10.4,2.954932,1.557569
-10.3,2.942937,1.551411
-10.2,2.930941,1.545253
-10.1,2.918946,1.539095
-10.0,2.90695,1.532937
-9.9,2.894955,1.52678
-9.8,2.88163,1.520556
-9.7,2.868252,1.513688
-9.6,2.854873,1.50682
-9.5,2.841495,1.499952
-9.4,2.828117,1.493084
-9.3,2.814738,1.486217
-9.2,2.80136,1.479349
-9.1,2.787981,1.472481
-9.0,2.774603,1.465487
-8.9,2.761225,1.458382
-8.8,2.747847,1.451278
-8.7,2.734468,1.444174
-8.6,2.72109,1.437069
-8.5,2.707712,1.429965
-8.4,2.694334,1.42286
-8.3,2.681053,1.415756
-8.2,2.667814,1.408191
-8.1,2.654574,1.400613
-8.0,2.641335,1.393036
-7.9,2.628095,1.385458
-7.8,2.614855,1.37788
-7.7,2.601616,1.370303
-7.6,2.588832,1.362725
-7.5,2.577299,1.355343
-7.4,2.565766,1.348239
-7.3,2.554233,1.341135
-7.2,2.5427,1.334031
-7.1,2.531167,1.326927
-7.0,2.519634,1.319823
-6.9,2.508102,1.312719
-6.8,2.49775,1.305615
-6.7,2.488062,1.298714
-6.6,2.478373,1.291847
-6.5,2.468685,1.28498
-6.4,2.458997,1.278113
-6.3,2.449309,1.271246
-6.2,2.439621,1.264379
-6.1,2.429964,1.257512
-6.0,2.422582,1.250854
-5.9,2.415199,1.244697
-5.8,2.407817,1.23854
-5.7,2.400434,1.232383
-5.6,2.393052,1.226226
-5.5,2.385669,1.220069
-5.4,2.378287,1.213912
-5.3,2.371261,1.207756
-5.2,2.364801,1.202468
-5.1,2.358341,1.197495
-5.0,2.351881,1.192522
-4.9,2.345421,1.187549
-4.8,2.338961,1.182576
-4.7,2.332501,1.177603
-4.6,2.326041,1.17263
-4.5,2.320983,1.167946
-4.4,2.316368,1.16463
-4.3,2.311752,1.161314
-4.2,2.307137,1.157998
-4.1,2.302522,1.154682
-4.0,2.297906,1.151366
-3.9,2.293291,1.14805
-3.8,2.288922,1.144734
-3.7,2.286151,1.142
-3.6,2.28338,1.139631
-3.5,2.280609,1.137262
-3.4,2.277838,1.134893
-3.3,2.275067,1.132524
-3.2,2.272296,1.130155
-3.1,2.269525,1.127786
-3.0,2.267221,1.125453
-2.9,2.265373,1.123753
-2.8,2.263524,1.122052
-2.7,2.261675,1.120352
-2.6,2.259827,1.118652
-2.5,2.257978,1.116951
-2.4,2.256129,1.115251
-2.3,2.254281,1.113551
-2.2,2.253649,1.112682
-2.1,2.253184,1.112207
-2.0,2.252718,1.111732
-1.9,2.252253,1.111256
-1.8,2.251787,1.110781
-1.7,2.251322,1.110306
-1.6,2.250856,1.10983
-1.5,2.250741,1.10944
-1.4,2.251659,1.109674
-1.3,2.252577,1.109909
-1.2,2.253494,1.110144
-1.1,2.254412,1.110378
-1.0,2.25533,1.110613
-0.9,2.256248,1.110848
-0.8,2.257166,1.111082
-0.7,2.259239,1.111714
-0.6,2.262001,1.112659
-0.5,2.264763,1.113604
-0.4,2.267525,1.114549
-0.3,2.270287,1.115493
-0.2,2.273049,1.116438
-0.1,2.275811,1.117383
0.0,2.278573,1.118328
0.1,2.282256,1.120693
0.2,2.28594,1.123057
0.3,2.289624,1.125422
0.4,2.293308,1.127787
0.5,2.296991,1.130152
0.6,2.300675,1.132517
0.7,2.304359,1.134882
0.8,2.309075,1.137559
0.9,2.315525,1.140634
1.0,2.321975,1.143709
1.1,2.328425,1.146784
1.2,2.334875,1.149859
1.3,2.341326,1.152934
1.4,2.347776,1.156009
1.5,2.354226,1.159084
1.6,2.362052,1.1632
1.7,2.370347,1.167458
1.8,2.378641,1.171716
1.9,2.386935,1.175975
2.0,2.395229,1.180233
2.1,2.403523,1.184491
2.2,2.411817,1.188749
2.3,2.420332,1.193311
2.4,2.43047,1.198515
2.5,2.440608,1.20372
2.6,2.450746,1.208925
2.7,2.460884,1.21413
2.8,2.471021,1.219335
2.9,2.481159,1.224539
3.0,2.491297,1.229744
3.1,2.502117,1.235849
3.2,2.513638,1.242237
3.3,2.525158,1.248625
3.4,2.536679,1.255013
3.5,2.548199,1.261401
3.6,2.55972,1.267789
3.7,2.57124,1.274176
3.8,2.582761,1.28085
3.9,2.59548,1.288658
4.0,2.608383,1.296465
4.1,2.621286,1.304273
4.2,2.63419,1.312081
4.3,2.647093,1.319889
4.4,2.659996,1.327697
4.5,2.6729,1.335505
4.6,2.686466,1.343616
4.7,2.702135,1.351897
4.8,2.717804,1.360178
4.9,2.733473,1.368459
5.0,2.749142,1.376739
5.1,2.764811,1.38502
5.2,2.78048,1.393301
5.3,2.796149,1.40164
5.4,2.8121,1.410631
5.5,2.82823,1.419622
5.6,2.844359,1.428612
5.7,2.860489,1.437603
5.8,2.876618,1.446594
5.9,2.892747,1.455585
6.0,2.908877,1.464576
6.1,2.925006,1.47369
6.2,2.941135,1.482917
6.3,2.957264,1.492144
6.4,2.973393,1.501371
6.5,2.989522,1.510598
6.6,3.005651,1.519825
6.7,3.02178,1.529052
6.8,3.037909,1.538279
6.9,3.054038,1.547051
7.0,3.070166,1.555805
7.1,3.086295,1.564558
7.2,3.102423,1.573312
7.3,3.118552,1.582065
7.4,3.13468,1.590819
7.5,3.150809,1.599573
7.6,3.166938,1.607946
7.7,3.181038,1.615752
7.8,3.1944,1.623559
7.9,3.207762,1.631366
8.0,3.221124,1.639172
8.1,3.234486,1.646979
8.2,3.247848,1.654786
8.3,3.261211,1.662593
8.4,3.274376,1.669402
8.5,3.285894,1.676026
8.6,3.297412,1.682649
8.7,3.30893,1.689272
8.8,3.320448,1.695895
8.9,3.331966,1.702518
9.0,3.343484,1.709142
9.1,3.355002,1.715297
9.2,3.365636,1.720263
9.3,3.375309,1.72523
9.4,3.384983,1.730197
9.5,3.394657,1.735163
9.6,3.404331,1.74013
9.7,3.414004,1.745096
9.8,3.423678,1.750063
9.9,3.433352,1.754174
10.0,3.440666,1.757958
10.1,3.447574,1.761741
10.2,3.454481,1.765524
10.3,3.461388,1.769307
10.4,3.468296,1.77309
10.5,3.475203,1.776873
10.6,3.482111,1.780464
10.7,3.488309,1.783064
10.8,3.492082,1.785664
10.9,3.495855,1.788263
11.0,3.499628,1.790863
11.1,3.503401,1.793463
11.2,3.507174,1.796063
11.3,3.510947,1.798663
11.4,3.51472,1.800692
11.5,3.515885,1.802345
11.6,3.516339,1.803998
11.7,3.516793,1.805651
11.8,3.517248,1.807305
11.9,3.517702,1.808958
12.0,3.518156,1.810611
12.1,3.51861,1.812213
12.2,3.518624,1.812683
12.3,3.516313,1.813153
12.4,3.514001,1.813623
12.5,3.51169,1.814093
12.6,3.509378,1.814563
12.7,3.507066,1.815033
12.8,3.504755,1.815503
12.9,3.502443,1.815286
13.0,3.499395,1.814336
13.1,3.495701,1.813387
13.2,3.492007,1.812437
13.3,3.488312,1.811487
13.4,3.484618,1.810538
13.5,3.480924,1.809588
13.6,3.47723,1.808638
13.7,3.473535,1.807251
13.8,3.469006,1.805828
13.9,3.46439,1.804405
14.0,3.459774,1.802982
14.1,3.455158,1.801559
14.2,3.450542,1.800136
14.3,3.445926,1.798713
14.4,3.44131,1.79729
14.5,3.436437,1.795867
14.6,3.430899,1.794444
14.7,3.425362,1.793021
14.8,3.419824,1.791598
14.9,3.414286,1.790175
15.0,3.408749,1.788752
15.1,3.403211,1.787329
15.2,3.397673,1.785906
15.3,3.391835,1.784483
15.4,3.385837,1.78306
15.5,3.379839,1.781637
15.6,3.37384,1.780214
15.7,3.367842,1.778792
15.8,3.361844,1.777369
15.9,3.355845,1.775937
16.0,3.349859,1.774478
16.1,3.344321,1.77302
16.2,3.338784,1.771562
16.3,3.333246,1.770103
16.4,3.327708,1.768645
16.5,3.322171,1.767186
16.6,3.316633,1.765728
16.7,3.311096,1.764712
16.8,3.305926,1.763762
16.9,3.301311,1.762812
17.0,3.296695,1.761863
17.1,3.29208,1.760913
17.2,3.287465,1.759963
17.3,3.28285,1.759014
17.4,3.278234,1.757991
17.5,3.273619,1.756805
17.6,3.270071,1.755618
17.7,3.266839,1.754432
17.8,3.263606,1.753246
17.9,3.260373,1.75206
18.0,3.25714,1.750873
18.1,3.253907,1.749687
18.2,3.250674,1.748678
18.3,3.247375,1.747729
18.4,3.243681,1.746779
18.5,3.239988,1.74583
18.6,3.236295,1.74488
18.7,3.232602,1.743931
18.8,3.228909,1.742981
18.9,3.225215,1.742122
19.0,3.221522,1.741645
19.1,3.218068,1.741169
19.2,3.214835,1.740692
19.3,3.211603,1.740216
19.4,3.20837,1.73974
19.5,3.205138,1.739263
19.6,3.201905,1.738787
19.7,3.198673,1.738311
19.8,3.19544,1.737834
19.9,3.192208,1.737358
20.0,3.188975,1.736882
20.1,3.185743,1.736405
20.2,3.182511,1.735929
20.3,3.179278,1.735453
20.4,3.176046,1.735043
20.5,3.172814,1.735513
20.6,3.169581,1.735983
20.7,3.166349,1.736453
20.8,3.163117,1.736923
20.9,3.159885,1.737393
21.0,3.156653,1.737863
21.1,3.15342,1.738334
21.2,3.150188,1.738924
21.3,3.146956,1.739631
21.4,3.143724,1.740338
21.5,3.140492,1.741044
21.6,3.13726,1.741751
21.7,3.134027,1.742457
21.8,3.130795,1.743164
21.9,3.127563,1.743871
22.0,3.124331,1.744577
22.1,3.121104,1.745284
22.2,3.118333,1.74599
22.3,3.115562,1.746697
22.4,3.112791,1.747403
22.5,3.110019,1.74811
22.6,3.107248,1.748817
22.7,3.104477,1.749616
22.8,3.101706,1.750559
22.9,3.09929,1.751502
23.0,3.097441,1.752446
23.1,3.095591,1.753389
23.2,3.093742,1.754332
23.3,3.091892,1.755276
23.4,3.090043,1.756219
23.5,3.088194,1.757359
23.6,3.086344,1.758539
23.7,3.084844,1.759718
23.8,3.083456,1.760898
23.9,3.082067,1.762078
24.0,3.080679,1.763257
24.1,3.079291,1.764437
24.2,3.077902,1.765489
24.3,3.076514,1.766195
24.4,3.075125,1.766902
24.5,3.073737,1.767608
24.6,3.072348,1.768315
24.7,3.07096,1.769022
24.8,3.069571,1.769728
24.9,3.068183,1.770435
25.0,3.066794,1.771478
25.1,3.065406,1.772658
25.2,3.064716,1.773837
25.3,3.06471,1.775017
25.4,3.064703,1.776197
25.5,3.064697,1.777377
25.6,3.064691,1.778556
25.7,3.064685,1.779808
25.8,3.064679,1.781461
25.9,3.064673,1.783114
26.0,3.065476,1.784766
26.1,3.066392,1.786419
26.2,3.067308,1.788072
26.3,3.068224,1.789725
26.4,3.069139,1.791378
26.5,3.070055,1.79317
26.6,3.070971,1.79506
26.7,3.072003,1.796949
26.8,3.073379,1.798838
26.9,3.074755,1.800728
27.0,3.076132,1.802617
27.1,3.077508,1.804507
27.2,3.078884,1.806403
27.3,3.080261,1.808529
27.4,3.081637,1.810655
27.5,3.083014,1.812781
27.6,3.08439,1.814907
27.7,3.085766,1.817033
27.8,3.087143,1.819159
27.9,3.088519,1.821284
28.0,3.089896,1.823634
28.1,3.091272,1.826233
28.2,3.092648,1.828832
28.3,3.093565,1.831431
28.4,3.09448,1.83403
28.5,3.095396,1.836629
28.6,3.096311,1.839228
28.7,3.097226,1.841827
28.8,3.098142,1.844426
28.9,3.099057,1.847025
29.0,3.100315,1.849624
29.1,3.102152,1.852222
29.2,3.103989,1.854821
29.3,3.105826,1.85742
29.4,3.107663,1.860019
29.5,3.1095,1.862618
29.6,3.111337,1.865217
29.7,3.113174,1.867815
29.8,3.115398,1.870414
29.9,3.117753,1.873013
30.0,3.120109,1.875612
30.1,3.122464,1.878211
30.2,3.12482,1.88081
30.3,3.127175,1.883221
30.4,3.129531,1.885583
30.5,3.131869,1.887946
30.6,3.134166,1.890308
30.7,3.136464,1.89267
30.8,3.138762,1.895032
30.9,3.141059,1.897395
31.0,3.143357,1.899812
31.1,3.145654,1.902411
31.2,3.147952,1.905009
31.3,3.150562,1.907608
31.4,3.15332,1.910207
31.5,3.156079,1.912806
31.6,3.158837,1.915404
31.7,3.161595,1.918003
31.8,3.164354,1.920283
31.9,3.167112,1.922409
32.0,3.169917,1.924534
32.1,3.173597,1.926659
32.2,3.177277,1.928785
32.3,3.180957,1.93091
32.4,3.184637,1.933036
32.5,3.188316,1.935081
32.6,3.191996,1.936497
32.7,3.195676,1.937913
32.8,3.19916,1.939328
32.9,3.20238,1.940744
33.0,3.205599,1.94216
33.1,3.208818,1.943576
33.2,3.212037,1.944992
33.3,3.215256,1.945753
33.4,3.218475,1.945986
33.5,3.221694,1.946219
33.6,3.225281,1.946452
33.7,3.228961,1.946686
33.8,3.232641,1.946919
33.9,3.23632,1.947152
34.0,3.24,1.947385
34.1,3.24368,1.945973
34.2,3.24736,1.94455
34.3,3.251039,1.943127
34.4,3.254719,1.941704
34.5,3.258398,1.940282
34.6,3.262078,1.938859
34.7,3.265757,1.937436
34.8,3.269437,1.93484
34.9,3.273116,1.930715
35.0,3.276796,1.92659
35.1,3.280977,1.922465
35.2,3.285577,1.918339
35.3,3.290178,1.914214
35.4,3.294779,1.910089
35.5,3.299379,1.9059
35.6,3.30398,1.900693
35.7,3.308581,1.895486
35.8,3.313182,1.890279
35.9,3.316514,1.885072
36.0,3.319733,1.879864
36.1,3.322952,1.874657
36.2,3.32617,1.86945
36.3,3.329389,1.865068
36.4,3.332608,1.861517
36.5,3.335827,1.857966
36.6,3.339313,1.854414
36.7,3.343453,1.850863
36.8,3.347593,1.847312
36.9,3.351733,1.843761
37.0,3.355873,1.840209
37.1,3.360013,1.840655
37.2,3.364153,1.841362
37.3,3.368293,1.842068
37.4,3.372127,1.842774
37.5,3.375806,1.843481
37.6,3.379485,1.844187
37.7,3.383164,1.844893
37.8,3.386843,1.847752
37.9,3.390522,1.854135
38.0,3.394201,1.860518
38.1,3.397898,1.8669
38.2,3.402037,1.873283
38.3,3.406177,1.879666
38.4,3.410317,1.886049
38.5,3.414456,1.892432
38.6,3.418596,1.901528
38.7,3.422736,1.911222
38.8,3.426875,1.920916
38.9,3.431204,1.93061
39.0,3.435804,1.940304
39.1,3.440405,1.949998
39.2,3.445005,1.959692
39.3,3.449605,1.96957
39.4,3.454205,1.979973
39.5,3.458806,1.990377
39.6,3.463406,2.00078
39.7,3.468367,2.011183
39.8,3.473428,2.021587
39.9,3.478489,2.03199
40.0,3.483549,2.042393
40.1,3.48861,2.051307
40.2,3.493671,2.059581
40.3,3.498732,2.067856
40.4,3.503575,2.07613
40.5,3.507254,2.084405
40.6,3.510932,2.092679
40.7,3.514611,2.100953
40.8,3.51829,2.108864
40.9,3.521968,2.114536
41.0,3.525647,2.120209
41.1,3.529326,2.125881
41.2,3.53276,2.131554
41.3,3.535978,2.137226
41.4,3.539195,2.142899
41.5,3.542413,2.148571
41.6,3.545631,2.153146
41.7,3.548849,2.156926
41.8,3.552067,2.160707
41.9,3.555285,2.164487
42.0,3.558919,2.168267
42.1,3.562597,2.172047
42.2,3.566275,2.175828
42.3,3.569954,2.179579
42.4,3.573632,2.18194
42.5,3.57731,2.184301
42.6,3.580989,2.186662
42.7,3.584539,2.189023
42.8,3.587757,2.191385
42.9,3.590975,2.193746
43.0,3.594192,2.196107
43.1,3.59741,2.198468
43.2,3.600627,2.200829
43.3,3.603845,2.20319
43.4,3.607063,2.205551
43.5,3.61028,2.207912
43.6,3.613498,2.210274
43.7,3.616715,2.212635
43.8,3.619933,2.214996
43.9,3.62315,2.21757
44.0,3.626367,2.220167
44.1,3.629585,2.222765
44.2,3.632813,2.225363
44.3,3.636492,2.22796
44.4,3.64017,2.230558
44.5,3.643848,2.233156
44.6,3.647526,2.235672
44.7,3.651204,2.238033
44.8,3.654882,2.240394
44.9,3.658561,2.242755
45.0,3.662605,2.245116
45.1,3.667204,2.247477
45.2,3.671803,2.249838
45.3,3.676403,2.252199
45.4,3.681002,2.25456
45.5,3.685601,2.256921
45.6,3.6902,2.259282
45.7,3.6948,2.261643
45.8,3.699044,2.264004
45.9,3.703182,2.266365
46.0,3.707321,2.268726
46.1,3.711459,2.271191
46.2,3.715598,2.274025
46.3,3.719736,2.276859
46.4,3.723875,2.279693
46.5,3.727947,2.282526
46.6,3.731625,2.28536
46.7,3.735302,2.288194
46.8,3.73898,2.291028
46.9,3.742658,2.293705
47.0,3.746336,2.296302
47.1,3.750013,2.2989
47.2,3.753691,2.301497
47.3,3.757369,2.304094
47.4,3.761047,2.306691
47.5,3.764724,2.309289
47.6,3.768402,2.311886
47.7,3.772079,2.314483
47.8,3.775757,2.31708
47.9,3.779435,2.319677
48.0,3.783112,2.322274
48.1,3.7872,2.324872
48.2,3.791338,2.327469
48.3,3.795476,2.330066
48.4,3.799614,2.332663
48.5,3.803752,2.33526
48.6,3.807891,2.337857
48.7,3.812029,2.340454
48.8,3.816319,2.343051
48.9,3.821032,2.345648
49.0,3.825746,2.348246
49.1,3.83046,2.350843
49.2,3.835173,2.352743
49.3,3.839887,2.35463
49.4,3.844601,2.356518
49.5,3.849314,2.358405
49.6,3.854028,2.360293
49.7,3.858741,2.362181
49.8,3.863455,2.364068
49.9,3.868169,2.365956
50.0,3.872882,2.367843
