velocity,7667.01,7701.08,4045.28,4048.35
-50.0,137.5558,69.51435,0.2478404,0.1364641
-49.9,137.5545,69.51697,0.2479345,0.1362903
-49.8,137.5533,69.51958,0.2480286,0.1361165
-49.7,137.552,69.52213,0.248134,0.1359428
-49.6,137.5507,69.52467,0.248273,0.135769
-49.5,137.5495,69.52722,0.2484121,0.1355906
-49.4,137.5482,69.52955,0.2485511,0.1354063
-49.3,137.547,69.53158,0.2486902,0.1352221
-49.2,137.5457,69.5336,0.2488292,0.1350379
-49.1,137.5445,69.53563,0.2489683,0.1348536
-49.0,137.5433,69.53759,0.2491074,0.1346694
-48.9,137.5421,69.53947,0.2492502,0.1344851
-48.8,137.5408,69.54135,0.2493937,0.1343005
-48.7,137.5396,69.54322,0.2495373,0.1341038
-48.6,137.5383,69.54489,0.2496809,0.133907
-48.5,137.537,69.54642,0.2498244,0.1337102
-48.4,137.5357,69.54795,0.249968,0.1335134
-48.3,137.5344,69.54948,0.2501115,0.1333166
-48.2,137.5331,69.551,0.2502366,0.1331198
-48.1,137.5318,69.55253,0.2503352,0.132923
-48.0,137.5302,69.55405,0.2504338,0.1327172
-47.9,137.5287,69.55557,0.2505324,0.1325058
-47.8,137.5272,69.55666,0.250631,0.1322943
-47.7,137.5257,69.55766,0.2507296,0.1320829
-47.6,137.5244,69.55867,0.2508283,0.1318715
-47.5,137.523,69.55967,0.2509269,0.13166
-47.4,137.5217,69.56066,0.2509316,0.1314486
-47.3,137.5204,69.56165,0.2509358,0.1312308
-47.2,137.5191,69.56264,0.25094,0.130988
-47.1,137.5177,69.56362,0.2509442,0.1307452
-47.0,137.5164,69.56433,0.2509484,0.1305024
-46.9,137.515,69.56503,0.2509526,0.1302596
-46.8,137.5135,69.56574,0.2509568,0.1300168
-46.7,137.5119,69.56644,0.2508963,0.129774
-46.6,137.5104,69.56702,0.2507882,0.1295312
-46.5,137.5089,69.56761,0.25068,0.1292652
-46.4,137.5073,69.5682,0.2505719,0.1289931
-46.3,137.5058,69.56872,0.2504637,0.128721
-46.2,137.5042,69.56906,0.2503555,0.1284489
-46.1,137.5026,69.5694,0.2502474,0.1281768
-46.0,137.501,69.56974,0.2501215,0.1279047
-45.9,137.4993,69.57007,0.249901,0.1276327
-45.8,137.4977,69.57036,0.2496805,0.1273598
-45.7,137.4961,69.57065,0.2494599,0.1270856
-45.6,137.4944,69.57094,0.2492394,0.1268114
-45.5,137.4928,69.57123,0.2490189,0.1265372
-45.4,137.4912,69.57152,0.2487984,0.1262631
-45.3,137.4896,69.5718,0.2485779,0.1259889
-45.2,137.488,69.57208,0.2483175,0.1257147
-45.1,137.4864,69.57224,0.248043,0.1254405
-45.0,137.4849,69.57232,0.2477685,0.1252249
-44.9,137.4831,69.57241,0.247494,0.1250114
-44.8,137.4814,69.5725,0.2472195,0.1247979
-44.7,137.4797,69.5726,0.246945,0.1245844
-44.6,137.4779,69.5727,0.2466706,0.1243709
-44.5,137.476,69.57281,0.2463865,0.1241574
-44.4,137.4741,69.57292,0.2460821,0.1239439
-44.3,137.4722,69.57292,0.2457778,0.1237916
-44.2,137.4703,69.57289,0.2454734,0.123689
-44.1,137.4685,69.57287,0.2451691,0.1235863
-44.0,137.4667,69.57284,0.2448647,0.1234837
-43.9,137.4649,69.5728,0.2445604,0.1233811
-43.8,137.4631,69.57276,0.2442514,0.1232785
-43.7,137.4612,69.57272,0.2438915,0.1231758
-43.6,137.4593,69.57268,0.2435317,0.1230922
-43.5,137.4574,69.57265,0.2431718,0.1231255
-43.4,137.4555,69.57263,0.2428119,0.1231588
-43.3,137.4537,69.5726,0.2424521,0.1231922
-43.2,137.4519,69.57257,0.2420922,0.1232255
-43.1,137.4501,69.57255,0.2417323,0.1232588
-43.0,137.4483,69.57252,0.2412649,0.1232921
-42.9,137.4464,69.5725,0.2407432,0.1233255
-42.8,137.4445,69.57243,0.2402216,0.1234257
-42.7,137.4426,69.57223,0.2396999,0.1235511
-42.6,137.4407,69.57203,0.2391782,0.1236764
-42.5,137.4385,69.57183,0.2386566,0.1238018
-42.4,137.4363,69.57167,0.2381349,0.1239272
-42.3,137.4342,69.57162,0.2375223,0.1240526
-42.2,137.432,69.57156,0.2366321,0.1241779
-42.1,137.43,69.57151,0.2357419,0.1243118
-42.0,137.4279,69.57139,0.2348517,0.1244644
-41.9,137.4259,69.57121,0.2339615,0.124617
-41.8,137.4238,69.57103,0.2330713,0.1247695
-41.7,137.4218,69.57084,0.232181,0.1249221
-41.6,137.4197,69.57065,0.2312908,0.1250746
-41.5,137.4177,69.57045,0.2298831,0.1252272
-41.4,137.4154,69.57025,0.2283681,0.1253797
-41.3,137.4129,69.57004,0.2268531,0.1254946
-41.2,137.4104,69.56983,0.2253381,0.1256053
-41.1,137.4079,69.56962,0.2238231,0.1257161
-41.0,137.4056,69.56941,0.2223081,0.1258268
-40.9,137.4034,69.5692,0.2207931,0.1259375
-40.8,137.4012,69.56901,0.2189391,0.1260482
-40.7,137.399,69.56884,0.2165971,0.126159
-40.6,137.3967,69.56866,0.2142552,0.1262217
-40.5,137.3943,69.56849,0.2119132,0.1262341
-40.4,137.392,69.56827,0.2095713,0.1262465
-40.3,137.3896,69.56805,0.2072293,0.1262589
-40.2,137.387,69.56783,0.2048874,0.1262713
-40.1,137.3843,69.56761,0.2025454,0.1262837
-40.0,137.3815,69.56736,0.199223,0.1262961
-39.9,137.3788,69.56711,0.1958922,0.1262991
-39.8,137.3763,69.56686,0.1925614,0.1261881
-39.7,137.3738,69.5666,0.1892307,0.1260771
-39.6,137.3713,69.56628,0.1858999,0.1259661
-39.5,137.3687,69.56595,0.1825691,0.1258551
-39.4,137.3662,69.56563,0.1792384,0.1257441
-39.3,137.3637,69.56531,0.1754103,0.1256331
-39.2,137.3612,69.56497,0.1712122,0.1255221
-39.1,137.3586,69.56464,0.167014,0.1253154
-39.0,137.3559,69.5643,0.1628158,0.1250601
-38.9,137.3531,69.56397,0.1586177,0.1248049
-38.8,137.3504,69.56364,0.1544195,0.1245496
-38.7,137.3476,69.56331,0.1502213,0.1242943
-38.6,137.3445,69.56299,0.1459828,0.124039
-38.5,137.3414,69.56266,0.141524,0.1237838
-38.4,137.3383,69.56232,0.1370653,0.1234716
-38.3,137.3352,69.56199,0.1326065,0.1230845
-38.2,137.3322,69.56165,0.1281477,0.1226974
-38.1,137.3292,69.56126,0.123689,0.1223103
-38.0,137.3262,69.56082,0.1192302,0.1219232
-37.9,137.3232,69.56039,0.1147715,0.1215361
-37.8,137.32,69.55995,0.1107133,0.121149
-37.7,137.3169,69.5595,0.1067984,0.1207599
-37.6,137.3138,69.55905,0.1028836,0.120264
-37.5,137.3108,69.55859,0.09896871,0.1197682
-37.4,137.3078,69.55814,0.09505384,0.1192723
-37.3,137.3048,69.5577,0.09113898,0.1187764
-37.2,137.3019,69.55726,0.08722411,0.1182806
-37.1,137.2986,69.55682,0.08366971,0.1177847
-37.0,137.2951,69.55638,0.08088754,0.1172888
-36.9,137.2917,69.55579,0.07810536,0.1167714
-36.8,137.2882,69.55514,0.07532319,0.11624
-36.7,137.2848,69.55449,0.07254102,0.1157086
-36.6,137.2814,69.55384,0.06975884,0.1151772
-36.5,137.2779,69.55316,0.06697667,0.1146458
-36.4,137.2745,69.55248,0.06419449,0.1141144
-36.3,137.2709,69.5518,0.06271062,0.113583
-36.2,137.2671,69.55112,0.0613712,0.1130637
-36.1,137.2634,69.55036,0.06003178,0.112595
-36.0,137.2597,69.5496,0.05869236,0.1121264
-35.9,137.2561,69.54884,0.05735294,0.1116577
-35.8,137.2526,69.54805,0.05601352,0.1111891
-35.7,137.249,69.54708,0.0546741,0.1107204
-35.6,137.2455,69.54612,0.05397532,0.1102518
-35.5,137.2414,69.54515,0.05396627,0.1097831
-35.4,137.2373,69.54412,0.05395722,0.1094369
-35.3,137.2332,69.54297,0.05394817,0.1091251
-35.2,137.2291,69.54181,0.05393912,0.1088134
-35.1,137.2252,69.54065,0.05393007,0.1085016
-35.0,137.2213,69.53945,0.05392102,0.1081898
-34.9,137.2174,69.53818,0.05397728,0.107878
-34.8,137.2134,69.53691,0.05500194,0.1075662
-34.7,137.2091,69.53564,0.0560266,0.1073391
-34.6,137.2047,69.53417,0.05705126,0.1072574
-34.5,137.2004,69.53253,0.05807592,0.1071757
-34.4,137.196,69.53089,0.05910058,0.107094
-34.3,137.1918,69.52924,0.06012524,0.1070124
-34.2,137.1875,69.52743,0.0611499,0.1069307
-34.1,137.1832,69.52545,0.06259189,0.106849
-34.0,137.1788,69.52348,0.06426371,0.1067673
-33.9,137.1742,69.52151,0.06593552,0.1069373
-33.8,137.1696,69.51928,0.06760734,0.1071192
-33.7,137.165,69.51696,0.06927916,0.107301
-33.6,137.1603,69.51464,0.07095098,0.1074829
-33.5,137.1556,69.51232,0.0726228,0.1076647
-33.4,137.1508,69.50952,0.07434347,0.1078466
-33.3,137.1461,69.50655,0.076231,0.1080284
-33.2,137.1411,69.50358,0.07811852,0.1083305
-33.1,137.1358,69.50061,0.08000605,0.1087341
-33.0,137.1305,69.49706,0.08189358,0.1091376
-32.9,137.1252,69.49347,0.0837811,0.1095412
-32.8,137.12,69.48987,0.08566863,0.1099448
-32.7,137.1148,69.48628,0.08755615,0.1103483
-32.6,137.1097,69.48155,0.08933105,0.1107519
-32.5,137.1045,69.47675,0.09107921,0.1111744
-32.4,137.0992,69.47195,0.09282737,0.1117244
-32.3,137.0936,69.46703,0.09457553,0.1122743
-32.2,137.088,69.46139,0.09632369,0.1128242
-32.1,137.0824,69.45574,0.09807185,0.1133742
-32.0,137.0769,69.45009,0.09982001,0.1139241
-31.9,137.0713,69.44413,0.1014158,0.1144741
-31.8,137.0658,69.43644,0.1027729,0.115024
-31.7,137.0603,69.42875,0.10413,0.115622
-31.6,137.0542,69.42106,0.1054872,0.1162388
-31.5,137.0481,69.41288,0.1068443,0.1168557
-31.4,137.0419,69.4038,0.1082015,0.1174726
-31.3,137.0357,69.39473,0.1095586,0.1180895
-31.2,137.0294,69.38565,0.1109158,0.1187064
-31.1,137.0232,69.37569,0.111845,0.1193232
-31.0,137.0169,69.36415,0.1127617,0.1199369
-30.9,137.0107,69.35261,0.1136784,0.1205433
-30.8,137.0039,69.34107,0.1145951,0.1211497
-30.7,136.9971,69.32849,0.1155118,0.1217561
-30.6,136.9902,69.31509,0.1164285,0.1223625
-30.5,136.9834,69.30168,0.1173452,0.1229689
-30.4,136.9764,69.28828,0.1180332,0.1235753
-30.3,136.9694,69.27354,0.1185364,0.1241817
-30.2,136.9625,69.25778,0.1190396,0.1247247
-30.1,136.9555,69.24202,0.1195428,0.12526
-30.0,136.9481,69.22626,0.120046,0.1257953
-29.9,136.9407,69.21025,0.1205492,0.1263306
-29.8,136.9333,69.19418,0.1210524,0.1268659
-29.7,136.9259,69.1781,0.1215047,0.1274012
-29.6,136.9185,69.16202,0.1216304,0.1279365
-29.5,136.9112,69.14554,0.1217561,0.1284167
-29.4,136.9038,69.12894,0.1218818,0.1288369
-29.3,136.8961,69.11235,0.1220075,0.1292572
-29.2,136.8875,69.09576,0.1221332,0.1296774
-29.1,136.8789,69.08184,0.1222589,0.1300976
-29.0,136.8703,69.068,0.1223846,0.1305179
-28.9,136.8616,69.05415,0.1223268,0.1309381
-28.8,136.8529,69.04031,0.1221963,0.1313509
-28.7,136.8441,69.02953,0.1220659,0.1316582
-28.6,136.8354,69.01881,0.1219354,0.1319655
-28.5,136.8266,69.00808,0.1218049,0.1322728
-28.4,136.8178,68.99833,0.1216745,0.1325801
-28.3,136.809,68.99304,0.121544,0.1328874
-28.2,136.8002,68.98774,0.1214189,0.1331947
-28.1,136.7909,68.98245,0.1213064,0.133502
-28.0,136.7811,68.9782,0.1211939,0.133741
-27.9,136.7714,68.97854,0.1210815,0.1339437
-27.8,136.7617,68.97887,0.120969,0.1341464
-27.7,136.752,68.97921,0.1208565,0.1343491
-27.6,136.7423,68.98139,0.120744,0.1345519
-27.5,136.7327,68.98653,0.1206315,0.1347546
-27.4,136.723,68.99167,0.1209223,0.1349573
-27.3,136.7124,68.99681,0.1212682,0.1351419
-27.2,136.7015,69.00379,0.1216141,0.1352693
-27.1,136.6907,69.01364,0.12196,0.1353968
-27.0,136.6798,69.02348,0.1223059,0.1355242
-26.9,136.6687,69.03332,0.1226518,0.1356516
-26.8,136.6575,69.04414,0.1229977,0.135779
-26.7,136.6464,69.05564,0.1237272,0.1359065
-26.6,136.6352,69.06713,0.1249044,0.1360339
-26.5,136.6233,69.07863,0.1260817,0.1361111
-26.4,136.6115,69.09089,0.127259,0.1361779
-26.3,136.5996,69.10366,0.1284363,0.1362446
-26.2,136.5876,69.11643,0.1296135,0.1363114
-26.1,136.5754,69.1292,0.1307908,0.1363782
-26.0,136.5632,69.14108,0.1320126,0.1364449
-25.9,136.551,69.15274,0.1342234,0.1365117
-25.8,136.5386,69.16439,0.1364343,0.1365646
-25.7,136.5247,69.17604,0.1386452,0.1365979
-25.6,136.5109,69.18517,0.140856,0.1366312
-25.5,136.497,69.19429,0.1430669,0.1366645
-25.4,136.4832,69.20341,0.1452777,0.1366979
-25.3,136.4695,69.21252,0.1474886,0.1367312
-25.2,136.4559,69.21938,0.1502751,0.1367645
-25.1,136.4422,69.22625,0.1532004,0.1367977
-25.0,136.4281,69.23312,0.1561258,0.1368018
-24.9,136.4132,69.23941,0.1590511,0.1368058
-24.8,136.3982,69.24341,0.1619765,0.1368098
-24.7,136.3832,69.24742,0.1649019,0.1368139
-24.6,136.368,69.25143,0.1678272,0.1368179
-24.5,136.3524,69.25489,0.1708483,0.1368219
-24.4,136.3368,69.25631,0.1740207,0.1368259
-24.3,136.3212,69.25773,0.1771932,0.1368164
-24.2,136.3049,69.25914,0.1803657,0.1367974
-24.1,136.2878,69.25976,0.1835381,0.1367784
-24.0,136.2707,69.25923,0.1867106,0.1367595
-23.9,136.2536,69.25869,0.189883,0.1367405
-23.8,136.2365,69.25815,0.1930555,0.1367215
-23.7,136.2193,69.25688,0.1959928,0.1367025
-23.6,136.2022,69.25456,0.1989225,0.1366806
-23.5,136.1851,69.25225,0.2018522,0.1366449
-23.4,136.1666,69.24994,0.204782,0.1366092
-23.3,136.1474,69.24682,0.2077117,0.1365735
-23.2,136.1282,69.24319,0.2106414,0.1365378
-23.1,136.109,69.23957,0.2135712,0.1365021
-23.0,136.0897,69.23595,0.2162089,0.1364664
-22.9,136.0704,69.23152,0.2186084,0.1364307
-22.8,136.0511,69.22661,0.2210078,0.1363902
-22.7,136.0318,69.2217,0.2234073,0.1363482
-22.6,136.0106,69.21679,0.2258067,0.1363062
-22.5,135.989,69.21162,0.2282062,0.1362642
-22.4,135.9673,69.20639,0.2306056,0.1362222
-22.3,135.9457,69.20117,0.2329118,0.1361803
-22.2,135.9241,69.19595,0.2346056,0.1361383
-22.1,135.9025,69.19017,0.2362995,0.1360948
-22.0,135.881,69.18428,0.2379934,0.1360487
-21.9,135.8594,69.17838,0.2396873,0.1360025
-21.8,135.8351,69.1725,0.2413811,0.1359564
-21.7,135.8108,69.16688,0.243075,0.1359102
-21.6,135.7865,69.16126,0.2447689,0.1358641
-21.5,135.7622,69.15564,0.2459848,0.1358179
-21.4,135.7379,69.15001,0.247009,0.1357718
-21.3,135.7135,69.14415,0.2480333,0.1357276
-21.2,135.6891,69.13829,0.2490576,0.1356835
-21.1,135.6643,69.13243,0.2500819,0.1356394
-21.0,135.6373,69.1267,0.2511062,0.1355953
-20.9,135.6104,69.12139,0.2521305,0.1355512
-20.8,135.5834,69.11608,0.2530073,0.1355072
-20.7,135.5564,69.11077,0.2535328,0.1354631
-20.6,135.5293,69.10555,0.2540583,0.1354151
-20.5,135.5023,69.1006,0.2545838,0.1353635
-20.4,135.4752,69.09564,0.2551092,0.1353119
-20.3,135.4471,69.09069,0.2556347,0.1352603
-20.2,135.4167,69.08608,0.2561602,0.1352087
-20.1,135.3864,69.08192,0.2566857,0.1351571
-20.0,135.3561,69.07776,0.2569588,0.1351055
-19.9,135.3258,69.0736,0.2571967,0.1350537
-19.8,135.2957,69.0697,0.2574345,0.1350012
-19.7,135.2656,69.06613,0.2576724,0.1349488
-19.6,135.2355,69.06255,0.2579103,0.1348964
-19.5,135.2038,69.05898,0.2581481,0.1348439
-19.4,135.1705,69.0559,0.258386,0.1347915
-19.3,135.1372,69.0531,0.2585826,0.1347391
-19.2,135.1039,69.0503,0.2587306,0.1346866
-19.1,135.0693,69.04749,0.2588786,0.1346287
-19.0,135.034,69.04508,0.2590266,0.13457
-18.9,134.9987,69.04287,0.2591746,0.1345113
-18.8,134.9634,69.04066,0.2593226,0.1344526
-18.7,134.9281,69.03845,0.2594706,0.1343939
-18.6,134.8928,69.03673,0.2596219,0.1343352
-18.5,134.8575,69.03509,0.2598508,0.1342765
-18.4,134.8222,69.03346,0.2600797,0.1342119
-18.3,134.784,69.03182,0.2603085,0.1341406
-18.2,134.7453,69.03043,0.2605374,0.1340694
-18.1,134.7067,69.02909,0.2607663,0.1339981
-18.0,134.6681,69.02774,0.2609951,0.1339269
-17.9,134.6294,69.02641,0.261224,0.1338556
-17.8,134.5908,69.02532,0.2615619,0.1337844
-17.7,134.5521,69.02423,0.261966,0.1337121
-17.6,134.5133,69.02315,0.2623702,0.133622
-17.5,134.4706,69.02206,0.2627743,0.1335319
-17.4,134.4279,69.02093,0.2631784,0.1334418
-17.3,134.3852,69.01981,0.2635826,0.1333518
-17.2,134.3425,69.01868,0.2639867,0.1332617
-17.1,134.3,69.01751,0.2644238,0.1331716
-17.0,134.2574,69.01619,0.2649897,0.1330815
-16.9,134.2149,69.01488,0.2655555,0.1329753
-16.8,134.1716,69.01356,0.2661214,0.1328602
-16.7,134.1254,69.01207,0.2666873,0.132745
-16.6,134.0793,69.01012,0.2672532,0.1326298
-16.5,134.0331,69.00816,0.2678191,0.1325147
-16.4,133.9868,69.00621,0.2683849,0.1323995
-16.3,133.9404,69.0039,0.269039,0.1322843
-16.2,133.894,69.0012,0.2697172,0.1321605
-16.1,133.8476,68.99849,0.2703954,0.1320077
-16.0,133.7994,68.99579,0.2710736,0.1318549
-15.9,133.7485,68.99234,0.2717518,0.1317021
-15.8,133.6976,68.98852,0.27243,0.1315493
-15.7,133.6467,68.9847,0.2731082,0.1313965
-15.6,133.5962,68.98089,0.2737979,0.1312437
-15.5,133.546,68.97603,0.2745076,0.1310909
-15.4,133.4958,68.97068,0.2752173,0.1309022
-15.3,133.4456,68.96534,0.2759269,0.1307055
-15.2,133.3924,68.95999,0.2766366,0.1305088
-15.1,133.3368,68.95344,0.2773462,0.130312
-15.0,133.2812,68.94672,0.2780559,0.1301153
-14.9,133.2256,68.94,0.2787655,0.1299186
-14.8,133.17,68.93328,0.2794197,0.1297219
-14.7,133.1144,68.92447,0.280071,0.1295006
-14.6,133.0588,68.9154,0.2807222,0.1292432
-14.5,133.0032,68.90633,0.2813734,0.1289859
-14.4,132.9436,68.8971,0.2820246,0.1287285
-14.3,132.8826,68.88624,0.2826758,0.1284712
-14.2,132.8215,68.87537,0.283327,0.1282138
-14.1,132.7605,68.86451,0.2839139,0.1279565
-14.0,132.6991,68.85336,0.2844438,0.1276991
-13.9,132.6376,68.83945,0.2849737,0.127365
-13.8,132.5761,68.82555,0.2855036,0.1270303
-13.7,132.5146,68.81164,0.2860335,0.1266955
-13.6,132.4469,68.79707,0.2865634,0.1263608
-13.5,132.3784,68.78088,0.2870933,0.1260261
-13.4,132.31,68.7647,0.2876076,0.1256914
-13.3,132.2414,68.74851,0.2879982,0.1253566
-13.2,132.1715,68.73104,0.2883887,0.1249577
-13.1,132.1016,68.71057,0.2887793,0.1245121
-13.0,132.0317,68.6901,0.2891699,0.1240666
-12.9,131.9613,68.66962,0.2895605,0.123621
-12.8,131.883,68.64787,0.2899511,0.1231755
-12.7,131.8047,68.62482,0.2903417,0.12273
-12.6,131.7264,68.60177,0.2906513,0.1222844
-12.5,131.6474,68.57872,0.290925,0.121806
-12.4,131.566,68.5529,0.2911988,0.1211639
-12.3,131.4846,68.52438,0.2914725,0.1205218
-12.2,131.4032,68.49585,0.2917463,0.1198797
-12.1,131.319,68.46733,0.29202,0.1192376
-12.0,131.2257,68.43607,0.2922938,0.1185955
-11.9,131.1324,68.40364,0.2925416,0.1179534
-11.8,131.0391,68.37122,0.292721,0.1173113
-11.7,130.9437,68.3388,0.2929004,0.1164815
-11.6,130.8455,68.30107,0.2930797,0.1155906
-11.5,130.7473,68.26119,0.2932591,0.1146996
-11.4,130.6491,68.22132,0.2934385,0.1138087
-11.3,130.5439,68.18144,0.2936179,0.1129178
-11.2,130.4288,68.13731,0.2937973,0.1120269
-11.1,130.3137,68.09277,0.2939305,0.1111359
-11.0,130.1986,68.04822,0.294056,0.1101428
-10.9,130.078,68.00368,0.2941814,0.1089529
-10.8,129.9536,67.94876,0.2943069,0.107763
-10.7,129.8293,67.89294,0.2944324,0.106573
-10.6,129.7049,67.83711,0.2945578,0.1053831
-10.5,129.5665,67.78047,0.2946833,0.1041932
-10.4,129.4182,67.71777,0.294793,0.1030032
-10.3,129.2698,67.65507,0.2948826,0.1018133
-10.2,129.1215,67.59236,0.2949721,0.1004175
-10.1,128.962,67.52777,0.2950616,0.09900593
-10.0,128.7991,67.45,0.2951512,0.09759437
-9.9,128.6363,67.37224,0.2952407,0.09618281
-9.8,128.4734,67.29448,0.2953303,0.09477125
-9.7,128.2819,67.21289,0.2954191,0.09335969
-9.6,128.0812,67.1233,0.2954727,0.09194813
-9.5,127.8805,67.03371,0.2955262,0.09052686
-9.4,127.6797,66.94412,0.2955798,0.08909651
-9.3,127.4467,66.84688,0.2956334,0.08766616
-9.2,127.2115,66.73425,0.295687,0.0862358
-9.1,126.9762,66.62161,0.2957405,0.08480545
-9.0,126.7375,66.50898,0.2957941,0.0833751
-8.9,126.4727,66.38787,0.2958261,0.08194474
-8.8,126.2078,66.25924,0.2958437,0.08054558
-8.7,125.943,66.13061,0.2958613,0.07941635
-8.6,125.6701,66.00198,0.295879,0.07828712
-8.5,125.3328,65.85347,0.2958966,0.07715788
-8.4,124.9954,65.68793,0.2959143,0.07602865
-8.3,124.658,65.52239,0.2959319,0.07489942
-8.2,124.3061,65.35684,0.2959397,0.07377019
-8.1,123.9192,65.17148,0.2959034,0.07264096
-8.0,123.5322,64.97905,0.2958671,0.07193644
-7.9,123.1452,64.78662,0.2958308,0.07142198
-7.8,122.7288,64.59418,0.2957945,0.07090751
-7.7,122.2375,64.36174,0.2957583,0.07039305
-7.6,121.7462,64.11561,0.295722,0.06987859
-7.5,121.2548,63.86948,0.2956857,0.06936412
-7.4,120.7239,63.62336,0.2955853,0.06884966
-7.3,120.1471,63.33559,0.2954652,0.06854806
-7.2,119.5703,63.04532,0.2953451,0.0687989
-7.1,118.9935,62.75506,0.295225,0.06904975
-7.0,118.3401,62.46479,0.295105,0.06930059
-6.9,117.5944,62.09147,0.2949849,0.06955143
-6.8,116.8487,61.71393,0.2948648,0.06980228
-6.7,116.1031,61.33638,0.2946704,0.07005312
-6.6,115.2792,60.94612,0.2944094,0.07030397
-6.5,114.4105,60.48375,0.2941485,0.0711411
-6.4,113.5417,60.02138,0.2938876,0.07206939
-6.3,112.6729,59.55901,0.2936267,0.07299769
-6.2,111.6464,59.0689,0.2933657,0.07392599
-6.1,110.5254,58.52687,0.2931048,0.07485428
-6.0,109.4044,57.98483,0.2928222,0.07578258
-5.9,108.2834,57.4428,0.2923636,0.07671088
-5.8,107.0052,56.84493,0.291905,0.07782848
-5.7,105.6894,56.14626,0.2914464,0.07917496
-5.6,104.3736,55.44758,0.2909878,0.08052143
-5.5,103.0577,54.7489,0.2905292,0.0818679
-5.4,101.4674,53.9969,0.2900706,0.08321437
-5.3,99.80729,53.20211,0.289612,0.08456085
-5.2,98.14714,52.40731,0.2889485,0.08590732
-5.1,96.48699,51.61251,0.2881933,0.08725379
-5.0,94.62398,50.71321,0.2874382,0.08860024
-4.9,92.75651,49.73273,0.2866831,0.0899467
-4.8,90.88904,48.75226,0.285928,0.09129315
-4.7,89.02157,47.77179,0.2851728,0.0926396
-4.6,86.74613,46.72014,0.2844177,0.09398606
-4.5,84.45761,45.64615,0.2835694,0.09533251
-4.4,82.16909,44.57216,0.2824728,0.09667897
-4.3,79.86193,43.49817,0.2813762,0.09787195
-4.2,77.44943,42.30201,0.2802796,0.09897375
-4.1,75.03692,41.06923,0.2791831,0.1000755
-4.0,72.62442,39.83645,0.2780865,0.1011773
-3.9,70.17406,38.60367,0.2769899,0.1022791
-3.8,67.49267,37.37417,0.2758933,0.1033809
-3.7,64.81128,36.14479,0.2745357,0.1044827
-3.6,62.12989,34.91541,0.2731336,0.1055042
-3.5,59.4904,33.68602,0.2717316,0.1062317
-3.4,56.93904,32.41311,0.2703295,0.1069592
-3.3,54.38769,31.13912,0.2689275,0.1076867
-3.2,51.83633,29.86513,0.2675254,0.1084142
-3.1,49.30522,28.61736,0.2661233,0.1091417
-3.0,46.8186,27.49394,0.2646645,0.1098692
-2.9,44.33199,26.37052,0.2631321,0.1105967
-2.8,41.84538,25.2471,0.2615998,0.1110459
-2.7,39.57286,24.14145,0.2600675,0.1114263
-2.6,37.51962,23.11555,0.2585352,0.1118068
-2.5,35.46638,22.08965,0.2570029,0.1121872
-2.4,33.41314,21.06374,0.2554705,0.1125676
-2.3,31.5207,20.13441,0.2539413,0.112948
-2.2,29.79937,19.36227,0.2525843,0.1133284
-2.1,28.07804,18.59012,0.2512272,0.1136208
-2.0,26.35671,17.81798,0.2498701,0.113775
-1.9,24.99358,17.11478,0.248513,0.1139291
-1.8,23.8102,16.52001,0.2471559,0.1140833
-1.7,22.62683,15.92523,0.2457988,0.1142375
-1.6,21.44346,15.33046,0.2444417,0.1143917
-1.5,20.49346,14.86869,0.2433863,0.1145458
-1.4,19.66568,14.50049,0.2425324,0.114685
-1.3,18.8379,14.13229,0.2416785,0.1147434
-1.2,18.01011,13.76409,0.2408246,0.1148018
-1.1,17.51015,13.5111,0.2399708,0.1148602
-1.0,17.07371,13.33644,0.2391169,0.1149186
-0.9,16.63726,13.16179,0.238263,0.1149771
-0.8,16.20082,12.98713,0.2375434,0.1150355
-0.7,16.04662,12.96794,0.2374308,0.1150939
-0.6,15.95099,12.98919,0.2373182,0.115171
-0.5,15.85536,13.01044,0.2372056,0.1152545
-0.4,15.76268,13.03169,0.2370931,0.115338
-0.3,15.97633,13.20647,0.2369805,0.1154215
-0.2,16.18997,13.41922,0.2368679,0.115505
-0.1,16.40361,13.63196,0.2367553,0.1155885
0.0,16.61726,13.84471,0.2372185,0.115672
0.1,17.1799,14.24681,0.2378607,0.1157763
0.2,17.74254,14.64891,0.2385028,0.1159225
0.3,18.30518,15.05101,0.239145,0.1160688
0.4,18.9414,15.4551,0.2397872,0.116215
0.5,19.90968,16.10022,0.2404294,0.1163612
0.6,20.87797,16.74535,0.2410715,0.1165075
0.7,21.84626,17.39047,0.2418855,0.1166537
0.8,22.95141,18.07059,0.2430263,0.1167999
0.9,24.29698,18.88521,0.2441672,0.1169865
1.0,25.64255,19.69983,0.245308,0.1171766
1.1,26.98812,20.51446,0.2464488,0.1173667
1.2,28.51215,21.38033,0.2475897,0.1175569
1.3,30.36295,22.43371,0.2487305,0.117747
1.4,32.21375,23.48709,0.2498713,0.1179371
1.5,34.06455,24.54048,0.2511494,0.1181272
1.6,36.07477,25.63429,0.2524385,0.1183121
1.7,38.22378,26.7856,0.2537276,0.1184917
1.8,40.37278,27.93691,0.2550166,0.1186714
1.9,42.52179,29.08821,0.2563057,0.1188511
2.0,44.8828,30.29503,0.2575948,0.1190308
2.1,47.43557,31.57814,0.2588838,0.1192105
2.2,49.98834,32.86125,0.2600543,0.1193901
2.3,52.54111,34.14436,0.2611097,0.1195659
2.4,55.08276,35.39187,0.2621651,0.1197038
2.5,57.6198,36.6175,0.2632206,0.1198416
2.6,60.15684,37.84313,0.264276,0.1199795
2.7,62.69388,39.06876,0.2653315,0.1201173
2.8,65.2903,40.28626,0.2663869,0.1202552
2.9,67.91254,41.49894,0.267403,0.120393
3.0,70.53479,42.71162,0.2680182,0.1205309
3.1,73.15704,43.92431,0.2686333,0.1206445
3.2,75.50618,45.04139,0.2692485,0.1207468
3.3,77.81748,46.13833,0.2698637,0.1208491
3.4,80.12878,47.23527,0.2704789,0.1209515
3.5,82.44008,48.32778,0.271094,0.1210538
3.6,84.62384,49.24174,0.2717092,0.1211561
3.7,86.78833,50.1557,0.2719656,0.1212584
3.8,88.95282,51.06966,0.2720462,0.1213579
3.9,91.09848,51.98001,0.2721267,0.1214498
4.0,92.88734,52.78258,0.2722072,0.1215416
4.1,94.67621,53.58515,0.2722878,0.1216335
4.2,96.46508,54.38772,0.2723683,0.1217253
4.3,98.2455,55.15202,0.2724489,0.1218172
4.4,99.82639,55.78869,0.2723818,0.1219091
4.5,101.4073,56.42535,0.2718783,0.1220009
4.6,102.9882,57.06202,0.2713749,0.1220999
4.7,104.4963,57.67818,0.2708715,0.1222001
4.8,105.7495,58.22897,0.270368,0.1223003
4.9,107.0026,58.77977,0.2698646,0.1224006
5.0,108.2558,59.33056,0.2693611,0.1225008
5.1,109.4756,59.82513,0.2688577,0.122601
5.2,110.5722,60.24729,0.2678369,0.1227012
5.3,111.6688,60.66945,0.2667136,0.1228023
5.4,112.7653,61.0916,0.2655902,0.1229046
5.5,113.7697,61.48596,0.2644668,0.1230069
5.6,114.6324,61.84568,0.2633434,0.1231092
5.7,115.495,62.2054,0.26222,0.1232116
5.8,116.3576,62.56513,0.2610966,0.1233139
5.9,117.1732,62.8734,0.2596835,0.1234162
6.0,117.9132,63.15319,0.2578638,0.123518
6.1,118.6532,63.43298,0.2560442,0.1236057
6.2,119.3932,63.71277,0.2542245,0.1236934
6.3,120.0454,63.96473,0.2524048,0.123781
6.4,120.6301,64.20182,0.2505851,0.1238687
6.5,121.2148,64.43892,0.2487654,0.1239564
6.6,121.7995,64.67601,0.2469457,0.124044
6.7,122.3419,64.86786,0.2443238,0.1241317
6.8,122.8504,65.05173,0.2417,0.1242
6.9,123.359,65.2356,0.2390763,0.1242563
7.0,123.8676,65.41948,0.2364525,0.1243126
7.1,124.2919,65.58224,0.2338288,0.124369
7.2,124.6861,65.74152,0.231205,0.1244253
7.3,125.0803,65.90079,0.2285812,0.1244816
7.4,125.4745,66.05813,0.2254838,0.1245379
7.5,125.8308,66.18301,0.2220425,0.1245856
7.6,126.1729,66.30788,0.2186012,0.1246001
7.7,126.5151,66.43276,0.2151599,0.1246146
7.8,126.8572,66.55656,0.2117186,0.1246291
7.9,127.1331,66.6647,0.2082773,0.1246436
8.0,127.4024,66.77284,0.204836,0.1246581
8.1,127.6717,66.88098,0.2012957,0.1246726
8.2,127.941,66.98344,0.197239,0.1246871
8.3,128.176,67.07,0.1931823,0.1246619
8.4,128.4072,67.15655,0.1891256,0.1246262
8.5,128.6384,67.24311,0.1850689,0.1245905
8.6,128.8654,67.32691,0.1810123,0.1245549
8.7,129.0452,67.40334,0.1769556,0.1245192
8.8,129.225,67.47976,0.1728989,0.1244835
8.9,129.4049,67.55618,0.1686855,0.1244478
9.0,129.583,67.62536,0.1644177,0.1243931
9.1,129.7386,67.68636,0.16015,0.1243073
9.2,129.8943,67.74736,0.1558823,0.1242214
9.3,130.0499,67.80835,0.1516145,0.1241356
9.4,130.1969,67.86629,0.1473468,0.1240497
9.5,130.3185,67.92087,0.1430791,0.1239638
9.6,130.4401,67.97545,0.138992,0.123878
9.7,130.5617,68.03004,0.1352813,0.1237921
9.8,130.6789,68.07788,0.1315707,0.1236477
9.9,130.7826,68.1225,0.12786,0.1235012
10.0,130.8863,68.16711,0.1241494,0.1233547
10.1,130.99,68.21172,0.1204388,0.1232083
10.2,131.086,68.25305,0.1167281,0.1230618
10.3,131.1716,68.29285,0.1130175,0.1229153
10.4,131.2571,68.33265,0.1103365,0.1227688
10.5,131.3426,68.37245,0.1077624,0.1225899
10.6,131.417,68.40623,0.1051884,0.1223849
10.7,131.4842,68.43922,0.1026143,0.1221799
10.8,131.5513,68.4722,0.1000402,0.1219749
10.9,131.6184,68.50518,0.09746612,0.1217699
11.0,131.6794,68.53544,0.09489204,0.1215649
11.1,131.7362,68.56537,0.09293099,0.1213599
11.2,131.793,68.59529,0.09161404,0.1211472
11.3,131.8498,68.62476,0.09029709,0.1208879
11.4,131.8965,68.64954,0.08898014,0.1206285
11.5,131.9404,68.67431,0.08766319,0.1203692
11.6,131.9843,68.69908,0.08634625,0.1201098
11.7,132.0282,68.72365,0.0850293,0.1198504
11.8,132.0667,68.74633,0.08396993,0.1195911
11.9,132.1036,68.769,0.08368235,0.1193317
12.0,132.1405,68.79168,0.08339477,0.1190526
12.1,132.1774,68.81326,0.08310718,0.118766
12.2,132.2044,68.83224,0.0828196,0.1184795
12.3,132.231,68.85121,0.08253202,0.1181929
12.4,132.2575,68.87019,0.08224443,0.1179064
12.5,132.284,68.88874,0.08195685,0.1176199
12.6,132.3037,68.90632,0.08201679,0.1173333
12.7,132.3228,68.9239,0.08214697,0.1170501
12.8,132.342,68.94148,0.08227714,0.116774
12.9,132.36,68.95801,0.08240732,0.1164979
13.0,132.3697,68.97349,0.08253749,0.1162219
13.1,132.3794,68.98897,0.08266767,0.1159458
13.2,132.3891,69.00446,0.08279784,0.1156697
13.3,132.3978,69.01826,0.08284814,0.1153936
13.4,132.3982,69.03133,0.08278516,0.1151176
13.5,132.3987,69.0444,0.08272218,0.1149
13.6,132.3991,69.05747,0.08265919,0.1146887
13.7,132.396,69.06989,0.08259621,0.1144775
13.8,132.3843,69.08203,0.08253323,0.1142662
13.9,132.3727,69.09417,0.08247025,0.1140549
14.0,132.3611,69.10631,0.08240726,0.1138437
14.1,132.3453,69.11678,0.08180785,0.1136324
14.2,132.3188,69.12708,0.08120584,0.1134744
14.3,132.2923,69.13738,0.08060383,0.1133718
14.4,132.2658,69.14768,0.08000183,0.1132693
14.5,132.232,69.1574,0.07939982,0.1131667
14.6,132.1898,69.16706,0.07879781,0.1130642
14.7,132.1476,69.17672,0.07819581,0.1129616
14.8,132.1053,69.18623,0.07731656,0.112859
14.9,132.0508,69.19452,0.07623394,0.1127673
15.0,131.9816,69.20281,0.07515131,0.1128048
15.1,131.9124,69.2111,0.07406869,0.1128423
15.2,131.8431,69.21934,0.07298606,0.1128798
15.3,131.7577,69.22712,0.07190344,0.1129174
15.4,131.663,69.23491,0.07082082,0.1129549
15.5,131.5683,69.2427,0.06973392,0.1129924
15.6,131.4736,69.25009,0.06862437,0.1130299
15.7,131.352,69.25666,0.06751481,0.1131452
15.8,131.2144,69.26323,0.06640525,0.1132998
15.9,131.0767,69.26979,0.06529569,0.1134543
16.0,130.9391,69.2763,0.06418613,0.1136089
16.1,130.7673,69.28269,0.06307658,0.1137635
16.2,130.5874,69.28909,0.06196702,0.113918
16.3,130.4075,69.29548,0.0612664,0.1140726
16.4,130.2276,69.30131,0.06070935,0.1142465
16.5,129.9865,69.30663,0.0601523,0.1144778
16.6,129.7301,69.31195,0.05959525,0.114709
16.7,129.4736,69.31728,0.0590382,0.1149403
16.8,129.2171,69.32251,0.05848115,0.1151716
16.9,128.8967,69.32767,0.0579241,0.1154029
17.0,128.5749,69.33283,0.05764603,0.1156342
17.1,128.2532,69.33798,0.05795589,0.1158657
17.2,127.9315,69.34264,0.05826576,0.1161101
17.3,127.4947,69.34711,0.05857563,0.1163546
17.4,127.0546,69.35158,0.05888549,0.1165991
17.5,126.6145,69.35606,0.05919536,0.1168435
17.6,126.1574,69.3603,0.05950522,0.117088
17.7,125.6063,69.36446,0.05981509,0.1173324
17.8,125.0551,69.36863,0.0609812,0.1175769
17.9,124.504,69.37279,0.06223881,0.1178086
18.0,123.9271,69.37647,0.06349642,0.1180322
18.1,123.1961,69.38013,0.06475403,0.1182557
18.2,122.4651,69.38378,0.06601164,0.1184792
18.3,121.7342,69.38743,0.06726925,0.1187028
18.4,120.9606,69.39096,0.06852686,0.1189263
18.5,120.0987,69.39448,0.07017013,0.1191498
18.6,119.2367,69.39801,0.07222275,0.1193636
18.7,118.3747,69.40145,0.07427536,0.119537
18.8,117.4343,69.40436,0.07632797,0.1197103
18.9,116.3233,69.40728,0.07838059,0.1198837
19.0,115.2123,69.41019,0.0804332,0.1200571
19.1,114.1013,69.41311,0.08248581,0.1202305
19.2,112.9225,69.41607,0.08457471,0.1204038
19.3,111.675,69.41903,0.08717078,0.1205772
19.4,110.4275,69.42199,0.08976684,0.1207064
19.5,109.18,69.42482,0.09236291,0.1208234
19.6,107.8165,69.42742,0.09495897,0.1209403
19.7,106.3309,69.43001,0.09755504,0.1210572
19.8,104.8452,69.4326,0.1001511,0.1211741
19.9,103.3596,69.43508,0.1027472,0.121291
20.0,101.7798,69.43738,0.1054772,0.121408
20.1,100.1534,69.43967,0.1082798,0.1215048
20.2,98.52698,69.44197,0.1110824,0.1215674
20.3,96.90055,69.4442,0.1138851,0.12163
20.4,95.28458,69.44639,0.1166877,0.1216925
20.5,93.67047,69.44859,0.1194903,0.1217551
20.6,92.05635,69.45078,0.122293,0.1218177
20.7,90.44224,69.45283,0.1250656,0.1218803
20.8,88.77871,69.45478,0.127738,0.1219428
20.9,87.1058,69.45674,0.1304103,0.1219634
21.0,85.43288,69.45869,0.1330826,0.1219821
21.1,83.76389,69.46057,0.135755,0.1220008
21.2,82.27305,69.46244,0.1384273,0.1220194
21.3,80.7822,69.46431,0.1410996,0.1220381
21.4,79.29136,69.46618,0.143772,0.1220568
21.5,77.80223,69.46787,0.1461489,0.1220755
21.6,76.45333,69.46951,0.1484574,0.1220771
21.7,75.10444,69.47115,0.1507659,0.1220644
21.8,73.75554,69.47278,0.1530744,0.1220517
21.9,72.46829,69.47431,0.1553828,0.1220391
22.0,71.43805,69.47582,0.1576913,0.1220264
22.1,70.40781,69.47734,0.1599998,0.1220137
22.2,69.37757,69.47886,0.1621351,0.122001
22.3,68.39474,69.48038,0.1640034,0.1219862
22.4,67.62231,69.4819,0.1658716,0.1219568
22.5,66.84987,69.48342,0.1677399,0.1219274
22.6,66.07744,69.48488,0.1696082,0.121898
22.7,65.44358,69.48609,0.1714765,0.1218686
22.8,65.05047,69.4873,0.1733448,0.1218392
22.9,64.65736,69.4885,0.175213,0.1218098
23.0,64.26425,69.48969,0.1765996,0.1217804
23.1,63.99005,69.49083,0.1779737,0.1217435
23.2,63.93119,69.49198,0.1793479,0.1217036
23.3,63.87232,69.49312,0.1807221,0.1216638
23.4,63.81346,69.49429,0.1820963,0.1216239
23.5,63.92766,69.4955,0.1834705,0.1215841
23.6,64.19096,69.49671,0.1848446,0.1215442
23.7,64.45426,69.49792,0.1859638,0.1215044
23.8,64.71757,69.499,0.1868798,0.1214613
23.9,65.1592,69.49997,0.1877958,0.121411
24.0,65.7605,69.50095,0.1887119,0.1213607
24.1,66.36179,69.50192,0.1896279,0.1213104
24.2,66.96309,69.50288,0.1905439,0.1212601
24.3,67.73879,69.50382,0.1914599,0.1212098
24.4,68.5861,69.50476,0.1923089,0.1211595
24.5,69.4334,69.50571,0.1927398,0.1211092
24.6,70.2807,69.50644,0.1931708,0.1210496
24.7,71.30011,69.50712,0.1936017,0.1209888
24.8,72.39347,69.5078,0.1940327,0.1209281
24.9,73.48684,69.50848,0.1944636,0.1208673
25.0,74.5802,69.50922,0.1948946,0.1208066
25.1,75.73191,69.50998,0.1953255,0.1207458
25.2,76.8915,69.51075,0.1954169,0.1206851
25.3,78.05109,69.51151,0.1953763,0.1206213
25.4,79.21069,69.51225,0.1953356,0.1205543
25.5,80.43978,69.51299,0.195295,0.1204873
25.6,81.67914,69.51372,0.1952543,0.1204202
25.7,82.91851,69.51446,0.1952137,0.1203532
25.8,84.15061,69.51486,0.195173,0.1202862
25.9,85.25217,69.51527,0.195043,0.1202192
26.0,86.35373,69.51568,0.1947059,0.1201513
26.1,87.45529,69.51608,0.1943689,0.1200717
26.2,88.5527,69.51649,0.1940318,0.1199922
26.3,89.55787,69.5169,0.1936947,0.1199126
26.4,90.56304,69.51731,0.1933577,0.1198331
26.5,91.56821,69.5177,0.1930206,0.1197535
26.6,92.51916,69.51797,0.1926836,0.1196739
26.7,93.28285,69.51824,0.1923822,0.1195944
26.8,94.04653,69.51851,0.1920856,0.1195052
26.9,94.81022,69.51868,0.1917889,0.1194111
27.0,95.54158,69.51871,0.1914923,0.1193169
27.1,96.15491,69.51874,0.1911956,0.1192227
27.2,96.76824,69.51877,0.190899,0.1191285
27.3,97.38156,69.51872,0.1906023,0.1190343
27.4,97.93174,69.51854,0.1904895,0.1189401
27.5,98.38575,69.51837,0.1905881,0.1188388
27.6,98.83975,69.51819,0.1906867,0.1187154
27.7,99.29376,69.51777,0.1907853,0.1185919
27.8,99.72759,69.5172,0.1908839,0.1184685
27.9,100.1294,69.51662,0.1909824,0.118345
28.0,100.5313,69.51604,0.191081,0.1182216
28.1,100.9331,69.51524,0.1912067,0.1180981
28.2,101.3251,69.51431,0.1918846,0.1179747
28.3,101.7094,69.51338,0.1925626,0.1178114
28.4,102.0938,69.51244,0.1932405,0.1176398
28.5,102.4782,69.51129,0.1939185,0.1174683
28.6,102.9068,69.51009,0.1945964,0.1172968
28.7,103.3703,69.50888,0.1952744,0.1171253
28.8,103.8338,69.50768,0.1959523,0.1169537
28.9,104.2974,69.50583,0.196904,0.1167822
29.0,104.8107,69.50385,0.1980175,0.1165785
29.1,105.3415,69.50186,0.1991311,0.1163296
29.2,105.8723,69.49986,0.2002447,0.1160808
29.3,106.4031,69.49749,0.2013583,0.1158319
29.4,107.0381,69.49512,0.2024719,0.1155831
29.5,107.7115,69.49275,0.2035854,0.1153342
29.6,108.3849,69.49035,0.2046991,0.1150854
29.7,109.0583,69.48736,0.2058129,0.1148362
29.8,109.8141,69.48436,0.2069266,0.1145037
29.9,110.5779,69.48136,0.2080404,0.1141713
30.0,111.3417,69.4782,0.2091542,0.1138388
30.1,112.1072,69.47453,0.210268,0.1135063
30.2,112.8896,69.47085,0.2113818,0.1131739
30.3,113.672,69.46718,0.2124956,0.1128414
30.4,114.4544,69.46333,0.2131724,0.1125089
30.5,115.2413,69.45897,0.2138368,0.1121407
30.6,116.0772,69.45461,0.2145012,0.1117476
30.7,116.913,69.45025,0.2151656,0.1113545
30.8,117.7488,69.44569,0.21583,0.1109615
30.9,118.5652,69.44088,0.2164945,0.1105684
31.0,119.3279,69.43607,0.2171589,0.1101754
31.1,120.0907,69.43127,0.217557,0.1097823
31.2,120.8534,69.42619,0.2177409,0.1093859
31.3,121.6086,69.42077,0.2179248,0.108974
31.4,122.3421,69.41536,0.2181087,0.1085622
31.5,123.0756,69.40994,0.2182926,0.1081503
31.6,123.8092,69.40442,0.2184765,0.1077384
31.7,124.4895,69.39885,0.2186604,0.1073266
31.8,125.1015,69.39327,0.2188205,0.1069147
31.9,125.7134,69.38769,0.2188292,0.1065029
32.0,126.3253,69.38193,0.2188379,0.1061374
32.1,126.9059,69.37607,0.2188467,0.1057862
32.2,127.4445,69.37021,0.2188554,0.1054349
32.3,127.9832,69.36435,0.2188642,0.1050837
32.4,128.5218,69.35873,0.2188729,0.1047324
32.5,128.9909,69.35316,0.2188816,0.1043812
32.6,129.4154,69.34758,0.2190998,0.1040299
32.7,129.8399,69.34204,0.2194004,0.1037296
32.8,130.2644,69.33716,0.2197011,0.1035226
32.9,130.6514,69.33228,0.2200017,0.1033156
33.0,131.0135,69.32741,0.2203024,0.1031085
33.1,131.3756,69.32257,0.220603,0.1029015
33.2,131.7377,69.31838,0.2209037,0.1026945
33.3,132.0288,69.3142,0.2213897,0.1024874
33.4,132.2999,69.31001,0.2223101,0.1022804
33.5,132.571,69.30611,0.2232305,0.1022463
33.6,132.8421,69.30301,0.2241509,0.1022232
33.7,133.0791,69.29991,0.2250713,0.1022001
33.8,133.3059,69.29682,0.2259916,0.102177
33.9,133.5328,69.29401,0.226912,0.1021539
34.0,133.7596,69.29198,0.2278324,0.1021308
34.1,133.9343,69.28994,0.2292987,0.1021077
34.2,134.1063,69.28791,0.2308388,0.102175
34.3,134.2783,69.28658,0.2323789,0.1023233
34.4,134.4504,69.28604,0.233919,0.1024716
34.5,134.5946,69.28551,0.2354591,0.1026199
34.6,134.7371,69.28497,0.2369992,0.1027681
34.7,134.8796,69.28507,0.2385393,0.1029164
34.8,135.0177,69.28588,0.2402165,0.1030647
34.9,135.1253,69.28669,0.242053,0.1032254
35.0,135.2329,69.28749,0.2438895,0.1034824
35.1,135.3404,69.28924,0.2457259,0.1037393
35.2,135.4461,69.29145,0.2475624,0.1039963
35.3,135.5373,69.29366,0.2493989,0.1042532
35.4,135.6286,69.29586,0.2512354,0.1045102
35.5,135.7198,69.29898,0.2530683,0.1047671
35.6,135.8048,69.30252,0.2548239,0.1050241
35.7,135.875,69.30606,0.2565795,0.1052865
35.8,135.9452,69.3096,0.2583351,0.1055498
35.9,136.0154,69.31381,0.2600907,0.105813
36.0,136.0824,69.31811,0.2618464,0.1060762
36.1,136.1417,69.32241,0.263602,0.1063394
36.2,136.201,69.32671,0.2653576,0.1066026
36.3,136.2602,69.33206,0.2668294,0.1068659
36.4,136.3135,69.33755,0.2681314,0.1071055
36.5,136.3601,69.34303,0.2694334,0.1073185
36.6,136.4066,69.34853,0.2707355,0.1075316
36.7,136.4531,69.35414,0.2720375,0.1077447
36.8,136.497,69.35976,0.2733395,0.1079577
36.9,136.5377,69.36538,0.2746415,0.1081708
37.0,136.5785,69.37104,0.2758271,0.1083838
37.1,136.6192,69.37717,0.2765678,0.1085927
37.2,136.6543,69.38329,0.2773085,0.1087326
37.3,136.6863,69.38941,0.2780491,0.1088725
37.4,136.7183,69.39541,0.2787898,0.1090124
37.5,136.7503,69.40109,0.2795304,0.1091523
37.6,136.7798,69.40678,0.2802711,0.1092922
37.7,136.8079,69.41246,0.2810118,0.1094321
37.8,136.8361,69.41818,0.281398,0.109572
37.9,136.8642,69.42399,0.2816896,0.1096688
38.0,136.8879,69.42981,0.2819812,0.1097418
38.1,136.9106,69.43562,0.2822727,0.1098148
38.2,136.9334,69.44104,0.2825643,0.1098879
38.3,136.9561,69.44608,0.2828559,0.1099609
38.4,136.9771,69.45112,0.2831474,0.1100339
38.5,136.9976,69.45616,0.2833591,0.1101069
38.6,137.0181,69.46107,0.2834351,0.1101688
38.7,137.0386,69.46584,0.2835111,0.1101938
38.8,137.0552,69.47061,0.2835872,0.1102187
38.9,137.0717,69.47538,0.2836632,0.1102437
39.0,137.0881,69.47957,0.2837393,0.1102686
39.1,137.1046,69.48352,0.2838153,0.1102936
39.2,137.1196,69.48746,0.2838913,0.1103185
39.3,137.1345,69.49141,0.2839673,0.1103435
39.4,137.1494,69.49498,0.2840434,0.110341
39.5,137.164,69.4984,0.2841194,0.1103325
39.6,137.1771,69.50183,0.2841954,0.1103241
39.7,137.1901,69.50525,0.2842714,0.1103156
39.8,137.2031,69.50807,0.2843474,0.1103071
39.9,137.2153,69.51083,0.2844234,0.1102986
40.0,137.2259,69.51359,0.2845714,0.1102901
40.1,137.2365,69.51635,0.2847821,0.1102715
40.2,137.2471,69.51858,0.2849929,0.1102379
40.3,137.2574,69.52077,0.2852036,0.1102043
40.4,137.2672,69.52296,0.2854144,0.1101708
40.5,137.277,69.52507,0.2856251,0.1101372
40.6,137.2867,69.52667,0.2858359,0.1101037
40.7,137.2958,69.52827,0.2860648,0.1100701
40.8,137.3041,69.52987,0.2864327,0.1100365
40.9,137.3124,69.53142,0.2868006,0.1099801
41.0,137.3207,69.5326,0.2871684,0.1099236
41.1,137.3286,69.53378,0.2875363,0.109867
41.2,137.336,69.53495,0.2879042,0.1098105
41.3,137.3434,69.53599,0.2882721,0.1097539
41.4,137.3508,69.53673,0.28864,0.1096974
41.5,137.3574,69.53746,0.289083,0.1096409
41.6,137.3636,69.5382,0.2895587,0.1095722
41.7,137.3698,69.53879,0.2900344,0.1094947
41.8,137.376,69.53909,0.2905101,0.1094173
41.9,137.3818,69.53939,0.2909857,0.1093398
42.0,137.3874,69.53968,0.2914614,0.1092624
42.1,137.393,69.53981,0.2919371,0.109185
42.2,137.3986,69.53979,0.292424,0.1091075
42.3,137.4031,69.53976,0.2929401,0.109028
42.4,137.4075,69.53974,0.2934562,0.108938
42.5,137.4118,69.5392,0.2939722,0.108848
42.6,137.4161,69.53847,0.2944883,0.108758
42.7,137.4199,69.53774,0.2950043,0.108668
42.8,137.4236,69.53701,0.2955204,0.108578
42.9,137.4272,69.53602,0.2960365,0.108488
43.0,137.4309,69.53494,0.29651,0.108398
43.1,137.4335,69.53387,0.2969767,0.1083002
43.2,137.436,69.53279,0.2974434,0.1081997
43.3,137.4386,69.53097,0.2979101,0.1080993
43.4,137.4412,69.5291,0.2983768,0.1079989
43.5,137.4429,69.52723,0.2988434,0.1078984
43.6,137.4446,69.52536,0.2993101,0.107798
43.7,137.4462,69.52278,0.2997391,0.1076976
43.8,137.4476,69.52016,0.3001204,0.1075943
43.9,137.4477,69.51753,0.3005017,0.1074855
44.0,137.4478,69.51479,0.3008831,0.1073767
44.1,137.4479,69.5113,0.3012644,0.1072679
44.2,137.4477,69.50781,0.3016458,0.1071591
44.3,137.4467,69.50432,0.3020271,0.1070503
44.4,137.4456,69.50068,0.3024057,0.1069415
44.5,137.4445,69.4962,0.3026703,0.1068327
44.6,137.4428,69.49171,0.3029349,0.1067181
44.7,137.44,69.48723,0.3031994,0.1066031
44.8,137.4372,69.48251,0.303464,0.106488
44.9,137.4344,69.47735,0.3037286,0.106373
45.0,137.4308,69.47219,0.3039932,0.1062579
45.1,137.4258,69.46703,0.3042578,0.1061428
45.2,137.4209,69.4615,0.3044544,0.1060278
45.3,137.416,69.45528,0.3046067,0.1059095
45.4,137.4101,69.44906,0.3047591,0.1057882
45.5,137.4035,69.44284,0.3049114,0.1056669
45.6,137.3968,69.43664,0.3050637,0.1055455
45.7,137.3901,69.43045,0.305216,0.1054242
45.8,137.3822,69.42426,0.3053684,0.1053029
45.9,137.3731,69.41807,0.305503,0.1051816
46.0,137.364,69.41169,0.305561,0.1050598
46.1,137.3549,69.40518,0.3056191,0.1049343
46.2,137.3446,69.39866,0.3056771,0.1048088
46.3,137.3337,69.39214,0.3057351,0.1046833
46.4,137.3228,69.38621,0.3057931,0.1045578
46.5,137.3119,69.38047,0.3058511,0.1044323
46.6,137.299,69.37474,0.3059091,0.1043068
46.7,137.2854,69.369,0.3059154,0.1041813
46.8,137.2717,69.36385,0.3059061,0.1040558
46.9,137.2581,69.35887,0.3058968,0.1039303
47.0,137.244,69.3539,0.3058874,0.1038048
47.1,137.2299,69.34893,0.3058781,0.1036793
47.2,137.2158,69.34579,0.3058688,0.1035538
47.3,137.2016,69.34271,0.3058595,0.1034283
47.4,137.1858,69.33963,0.3058329,0.1033028
47.5,137.1698,69.33655,0.3057742,0.1031744
47.6,137.1538,69.3353,0.3057154,0.1030385
47.7,137.1378,69.33411,0.3056567,0.1029025
47.8,137.1223,69.33291,0.305598,0.1027666
47.9,137.1068,69.33202,0.3055393,0.1026306
48.0,137.0913,69.33261,0.3054806,0.1024947
48.1,137.0758,69.3332,0.3054218,0.1023587
48.2,137.0603,69.3338,0.305336,0.1022228
48.3,137.0449,69.3348,0.3052482,0.1020723
48.4,137.0294,69.33766,0.3051604,0.1019197
48.5,137.0144,69.34052,0.3050726,0.101767
48.6,137.0012,69.34338,0.3049848,0.1016144
48.7,136.9879,69.34679,0.304897,0.1014617
48.8,136.9746,69.35109,0.3048092,0.101309
48.9,136.9617,69.35538,0.3047135,0.1011564
49.0,136.9499,69.35968,0.3046144,0.1009857
49.1,136.9382,69.36453,0.3045153,0.1007933
49.2,136.9265,69.37024,0.3044162,0.100601
49.3,136.9161,69.37595,0.304317,0.1004086
49.4,136.9077,69.38166,0.3042179,0.1002162
49.5,136.8993,69.38755,0.3041188,0.1000239
49.6,136.8908,69.39358,0.3040196,0.09983152
49.7,136.8824,69.3996,0.3039205,0.09963915
49.8,136.874,69.40562,0.3038214,0.09944679
49.9,136.8656,69.41165,0.3037223,0.09925442
50.0,136.8572,69.41767,0.3036231,0.09906206
